<?xml version="1.0"?>
<!DOCTYPE package-info SYSTEM "http://www.simplemachines.org/xml/package-info">
<package-info xmlns="http://www.simplemachines.org/xml/package-info">

    <id>digger:microdata4smf</id>
    <name>Microdata 4 SMF</name>
    <type>modification</type>
    <version>1.0 beta4</version>

    <install for="2.0 - 2.0.99">
        <readme parsebbc="true">readme/english.txt</readme>
        <readme parsebbc="true" lang="russian">readme/russian.txt</readme>
        <readme parsebbc="true" lang="english-utf8">readme/english-utf8.txt</readme>
        <readme parsebbc="true" lang="russian-utf8">readme/russian-utf8.txt</readme>
        <require-dir name="Sources" destination="$boarddir"/>
        <require-dir name="Themes" destination="$boarddir"/>
        <modification>modification.xml</modification>
        <code>hooks.php</code>
        <redirect url="?action=admin;area=modsettings;sa=microdata4smf"/>
    </install>

    <uninstall for="2.0 - 2.0.99">
        <remove-file name="$sourcedir/Mod-Microdata4Smf.php"/>
        <remove-dir name="$languagedir/Microdata4Smf"/>
        <modification reverse="true">modification.xml</modification>
        <code>hooks.php</code>
    </uninstall>

</package-info>