<?xml version="1.0"?>
<!DOCTYPE modification SYSTEM "http://www.simplemachines.org/xml/modification">
<modification xmlns="http://www.simplemachines.org/xml/modification" xmlns:smf="http://www.simplemachines.org/">
<id>Dougiefresh:ImgLeftRight</id>
<version>1.19</version>

<file name="$sourcedir/Subs.php">
	<operation error="ignore">
		<search position="after"><![CDATA[$orders = permute($preg);]]></search>
		<add><![CDATA[if (in_array($possible['tag'], array('imgleft', 'imgright')))
					$orders = array(BBCode_Float_Params($message, $pos1, $possible['parameters']) ? $preg : array());
				else
					]]></add>
	</operation>
</file>
</modification>