<?xml version="1.0"?>
<!DOCTYPE modification SYSTEM "http://www.simplemachines.org/xml/modification">
<modification xmlns="http://www.simplemachines.org/xml/modification" xmlns:smf="http://www.simplemachines.org/">
<id>Dougiefresh:ImgLeftRight</id>
<version>1.19</version>

<file name="$languagedir/index.greek-utf8.php" error="skip">
	<operation>
		<search position="replace"><![CDATA[// Locale (strftime, pspell_new) and spelling. (pspell_new, can be left as '' normally.)]]></search>
		<add><![CDATA[$txt['imgleft'] = "Εικόνα στα αριστερά";
$txt['imgright'] = "Εικόνα στα δεξιά";

// Locale (strftime, pspell_new) and spelling. (pspell_new, can be left as '' normally.)]]></add>
	</operation>
</file>
</modification>
