<?xml version="1.0"?>
<!DOCTYPE package-info SYSTEM "http://www.simplemachines.org/xml/package-info">
<package-info xmlns="http://www.simplemachines.org/xml/package-info" xmlns:smf="http://www.simplemachines.org/">
	<name>Attachments Positioning</name>
	<id>quake101:attachmentspositioning</id>
	<type>modification</type>
	<version>1.2</version>
    <!--// Install for SMF 1.1.x versions only //-->
    <install for="1.1 - 1.1.99">
		<readme type="file" parsebbc="true">readme.txt</readme>
		<modification>install-1.1.x.xml</modification>
	</install>
    <!--// Uninstall for SMF 1.1.x versions only //-->
    <uninstall for="1.1 - 1.1.99">
		<modification reverse="true">install-1.1.x.xml</modification>
	</uninstall>
    <!--// Install for SMF 2.0 Beta 3 Public only //-->
    <install for="2.0 Beta 3 Public">
        <readme type="file" parsebbc="true">readme.txt</readme>
        <modification>install-2.0.beta3.xml</modification>
    </install>
    <!--// Uninstall for SMF 2.0 Beta 3 Public only //-->
    <uninstall for="2.0 Beta 3 Public">
        <modification reverse="true">install-2.0.beta3.xml</modification>
    </uninstall>
</package-info>