<?xml version="1.0"?>
<!DOCTYPE package-info SYSTEM "http://www.simplemachines.org/xml/package-info">
<package-info xmlns="http://www.simplemachines.org/xml/package-info" xmlns:smf="http://www.simplemachines.org/">
	<id>Bugo:ScrollingButtons</id>
	<name>Scrolling Buttons</name>
	<version>0.3</version>
	<type>modification</type>
	
	<install for="2.0 - 2.0.99">
		<readme parsebbc="true" lang="russian-utf8">readme/russian-utf8.txt</readme>
		<readme parsebbc="true" lang="russian">readme/russian.txt</readme>
		<readme parsebbc="true">readme/readme.txt</readme>
		<require-file name="core/Subs-Scrolling.php" destination="$sourcedir" />
		<require-dir name="default" destination="$boarddir/Themes" />
		<code>hooks.php</code>
	</install>

	<uninstall for="2.0 - 2.0.99">
		<code>hooks.php</code>
		<remove-file name="$sourcedir/Subs-Scrolling.php" />
		<remove-file name="$themedir/Scrolling.template.php" />
		<remove-file name="$themedir/css/scrolling.css" />
		<remove-file name="$themedir/images/scrolling-buttons.png" />
		<redirect url="?action=admin;area=packages;sa=browse" timeout="1000" />
	</uninstall>
	
</package-info>